carga,ejecutor,n_workers,tamano_lote,repeticion,tiempo,cpu_pct
cpu,secuencial,1,200,1,1.3439332080015447,11.7
cpu,secuencial,1,200,2,1.3360957089971635,12.4
cpu,secuencial,1,200,3,1.3207624159986153,13.2
cpu,threads,2,200,1,1.3506107080029324,11.7
cpu,threads,2,200,2,1.3834170420013834,19.3
cpu,threads,2,200,3,1.3709917919986765,22.7
cpu,threads,4,200,1,1.3537669590004953,12.6
cpu,threads,4,200,2,1.3854122080010711,11.7
cpu,threads,4,200,3,1.3633846249940689,11.8
cpu,threads,8,200,1,1.3890503340007854,11.8
cpu,threads,8,200,2,1.3661245000039344,11.7
cpu,threads,8,200,3,1.3608802090020617,11.5
cpu,processes,2,200,1,0.8157000840001274,24.0
cpu,processes,2,200,2,0.7921031669975491,24.0
cpu,processes,2,200,3,0.8166742079993128,23.7
cpu,processes,4,200,1,0.4358558749954682,49.5
cpu,processes,4,200,2,0.4724825830053305,46.6
cpu,processes,4,200,3,0.444708791001176,48.5
cpu,processes,8,200,1,0.43494741700123996,70.6
cpu,processes,8,200,2,0.40550558300310513,75.8
cpu,processes,8,200,3,0.43564750000223285,0.0
cpu,secuencial,1,1000,1,1.3479422079981305,25.9
cpu,secuencial,1,1000,2,1.3662610000028508,14.2
cpu,secuencial,1,1000,3,1.3473523749999003,11.7
cpu,threads,2,1000,1,1.3597256249995553,11.6
cpu,threads,2,1000,2,1.359654750005575,15.1
cpu,threads,2,1000,3,1.3514941670000553,15.9
cpu,threads,4,1000,1,1.3507346659971518,11.5
cpu,threads,4,1000,2,1.348990041995421,11.7
cpu,threads,4,1000,3,1.3524809160007862,12.5
cpu,threads,8,1000,1,1.3628810830050497,23.5
cpu,threads,8,1000,2,1.3440083329987829,22.1
cpu,threads,8,1000,3,1.3763148750003893,20.9
cpu,processes,2,1000,1,0.8029360000000452,23.3
cpu,processes,2,1000,2,0.7959300420043292,24.2
cpu,processes,2,1000,3,0.7975050410022959,23.4
cpu,processes,4,1000,1,0.4507810829964001,45.3
cpu,processes,4,1000,2,0.4626472499949159,45.1
cpu,processes,4,1000,3,0.46546683400083566,0.0
cpu,processes,8,1000,1,0.36292404100095155,59.6
cpu,processes,8,1000,2,0.3619686670062947,81.3
cpu,processes,8,1000,3,0.39125433300068835,76.0
cpu,secuencial,1,5000,1,1.3566470840014517,11.8
cpu,secuencial,1,5000,2,1.3490523750006105,11.7
cpu,secuencial,1,5000,3,1.3638033339957474,13.2
cpu,threads,2,5000,1,1.354244000001927,11.9
cpu,threads,2,5000,2,1.3514929999946617,11.9
cpu,threads,2,5000,3,1.3481276250022347,12.1
cpu,threads,4,5000,1,1.3487571250007022,11.8
cpu,threads,4,5000,2,1.352590208996844,11.7
cpu,threads,4,5000,3,1.3511758749955334,12.7
cpu,threads,8,5000,1,1.3468967500011786,11.8
cpu,threads,8,5000,2,1.3694964169990271,13.3
cpu,threads,8,5000,3,1.3513335420066142,11.6
cpu,processes,2,5000,1,0.7950310419982998,23.2
cpu,processes,2,5000,2,0.7982044579985086,23.0
cpu,processes,2,5000,3,0.7989766669998062,23.1
cpu,processes,4,5000,1,0.4653805000052671,44.1
cpu,processes,4,5000,2,0.4796727080029086,45.7
cpu,processes,4,5000,3,0.49098133300140034,0.0
cpu,processes,8,5000,1,0.37393633300234796,79.7
cpu,processes,8,5000,2,0.37385120800172444,80.1
cpu,processes,8,5000,3,0.377308166003786,79.1
io,secuencial,1,200,1,0.29735108399472665,29.4
io,secuencial,1,200,2,0.293288124994433,26.7
io,secuencial,1,200,3,0.2965291660002549,28.5
io,threads,2,200,1,0.19379325000045355,37.9
io,threads,2,200,2,0.19484566600294784,0.0
io,threads,2,200,3,0.19386395800393075,0.0
io,threads,4,200,1,0.16414933300256962,0.0
io,threads,4,200,2,0.1629769170031068,0.0
io,threads,4,200,3,0.16200316700269468,0.0
io,threads,8,200,1,0.22171924999565817,60.5
io,threads,8,200,2,0.22376733399869408,69.8
io,threads,8,200,3,0.22535237499687355,68.7
io,processes,2,200,1,0.2157750840051449,49.3
io,processes,2,200,2,0.21631954199983738,0.0
io,processes,2,200,3,0.21555233300023247,41.0
io,processes,4,200,1,0.1805878329978441,60.9
io,processes,4,200,2,0.1799917500029551,60.7
io,processes,4,200,3,0.17709791600645985,0.0
io,processes,8,200,1,0.22879299999476643,0.0
io,processes,8,200,2,0.2304729999959818,0.0
io,processes,8,200,3,0.25801883399981307,74.1
io,secuencial,1,1000,1,0.2985137499999837,0.0
io,secuencial,1,1000,2,0.2938700000013341,0.0
io,secuencial,1,1000,3,0.29447679199802224,0.0
io,threads,2,1000,1,0.2268254579976201,26.7
io,threads,2,1000,2,0.22477891699963948,35.9
io,threads,2,1000,3,0.22649791599542368,32.9
io,threads,4,1000,1,0.174633749993518,52.9
io,threads,4,1000,2,0.17727337500400608,0.0
io,threads,4,1000,3,0.17404845800047042,0.0
io,threads,8,1000,1,0.17352391599706607,50.9
io,threads,8,1000,2,0.17492287500499515,51.4
io,threads,8,1000,3,0.1746151249972172,52.9
io,processes,2,1000,1,0.24902379199920688,0.0
io,processes,2,1000,2,0.249890458995651,0.0
io,processes,2,1000,3,0.25013695799862035,32.1
io,processes,4,1000,1,0.1855215830000816,51.9
io,processes,4,1000,2,0.18572091599344276,51.1
io,processes,4,1000,3,0.18551050000678515,0.0
io,processes,8,1000,1,0.18546820900519378,0.0
io,processes,8,1000,2,0.18824204200063832,0.0
io,processes,8,1000,3,0.19296187500003725,51.3
io,secuencial,1,5000,1,0.31029750000016065,22.9
io,secuencial,1,5000,2,0.30503795800177613,22.8
io,secuencial,1,5000,3,0.3148965840009623,32.5
io,threads,2,5000,1,0.2993237080008839,26.0
io,threads,2,5000,2,0.296061875000305,26.0
io,threads,2,5000,3,0.29874279100476997,0.0
io,threads,4,5000,1,0.3037968339995132,0.0
io,threads,4,5000,2,0.30054174999531824,26.6
io,threads,4,5000,3,0.31828991699876497,25.6
io,threads,8,5000,1,0.29956345800019335,0.0
io,threads,8,5000,2,0.29681587500090245,0.0
io,threads,8,5000,3,0.3016916670021601,27.0
io,processes,2,5000,1,0.3298538750022999,25.2
io,processes,2,5000,2,0.3342467500042403,27.2
io,processes,2,5000,3,0.3351096249971306,26.4
io,processes,4,5000,1,0.33129354199627414,26.1
io,processes,4,5000,2,0.32960433299740544,25.2
io,processes,4,5000,3,0.33461370800068835,30.3
io,processes,8,5000,1,0.3236352500025532,35.4
io,processes,8,5000,2,0.32568054100556765,36.6
io,processes,8,5000,3,0.32878841700585326,37.9
